MACHINE LEARNING ALGORITHM:,,,,,,
Random Forest Classifier,Gradient Boosting Classifier,Support Vector Machine,Logistic Regression,K-Neighbors Classifier,Neural MLP Classifier,Decision Tree Classifier
1) Age Diff: 0.070,1) Age Diff: 0.162,1) Head Strikes Attempts Per Min Diff: 0.361,1) Head Strikes Attempts Per Min Diff: 0.322,1) Avg Control Diff: 0.040,1) Avg Control Diff: 0.100,1) Age Diff: 0.088
2) Height Diff: 0.051,2) Reach Diff: 0.059,2) Age Diff: 0.335,2) Avg Total Strikes Attempts Per Min Diff: 0.276,2) Days Since Last Comp Diff: 0.026,2) Avg Takedowns Def Diff: 0.082,2) Height Diff: 0.045
3) Days Since Last Comp Diff: 0.039,3) Avg Head Strikes Landed Diff: 0.035,3) Avg Head Strikes Attempts Per Min Diff: 0.315,3) Distance Strikes Attempts Per Min Diff: 0.264,3) Control Diff: 0.024,3) Avg Takedowns Acc Diff: 0.079,3) Days Since Last Comp Diff: 0.044
4) Reach Diff: 0.038,4) Total Comp Time Diff: 0.033,4) Ko Losses Diff: 0.296,4) Age Diff: 0.220,4) Takedowns Acc Diff: 0.023,4) Takedowns Acc Diff: 0.073,4) Reach Diff: 0.039
5) Avg Head Strikes Landed Diff: 0.007,5) Win Loss Ratio Diff: 0.032,5) Avg Total Strikes Attempts Per Min Diff: 0.252,5) Total Strikes Landed Per Min Diff: 0.208,5) Age Diff: 0.021,5) Control Diff: 0.069,5) Avg Head Strikes Landed Diff: 0.015
6) Avg Sig Strikes Absorbed Diff: 0.007,6) Days Since Last Comp Diff: 0.032,6) Sub Landed Per Min Diff: 0.233,6) Avg Head Strikes Attempts Per Min Diff: 0.195,6) Takedowns Def Diff: 0.020,6) Takedowns Def Diff: 0.057,6) Avg Ground Strikes Attempts Per Min Diff: 0.012
7) Avg Head Strikes Absorbed Diff: 0.007,7) Avg Head Strikes Landed Per Min Diff: 0.024,7) Avg Head Strikes Landed Diff: 0.233,7) Sig Strikes Landed Per Min Diff: 0.180,7) Reach Diff: 0.016,7) Ground Strikes Def Diff: 0.055,7) Avg Clinch Strikes Acc Diff: 0.011
8) Avg Sig Strikes Landed Diff: 0.007,8) Avg Control Diff: 0.024,8) Distance Strikes Attempts Per Min Diff: 0.225,8) Avg Head Strikes Absorbed Diff: 0.176,8) Clinch Strikes Def Diff: 0.013,8) Avg Ground Strikes Def Diff: 0.049,8) Avg Total Comp Time Diff: 0.011
9) Avg Control Diff: 0.007,9) Num Fights Diff: 0.023,9) Sub Absorbed Diff: 0.193,9) Ko Losses Diff: 0.174,9) Avg Takedowns Def Diff: 0.012,9) Clinch Strikes Def Diff: 0.047,9) Total Comp Time Diff: 0.011
10) Total Comp Time Diff: 0.007,10) Avg Sig Strikes Absorbed Diff: 0.021,10) Avg Head Strikes Absorbed Diff: 0.192,10) Avg Head Strikes Landed Diff: 0.172,10) Height Diff: 0.010,10) Avg Sub Acc Diff: 0.046,10) Avg Sig Strikes Absorbed Diff: 0.010
11) Avg Leg Strikes Acc Diff: 0.007,11) Avg Takedowns Landed Diff: 0.018,11) Sub Landed Diff: 0.187,11) Sub Landed Per Min Diff: 0.147,11) Avg Takedowns Acc Diff: 0.009,11) Leg Strikes Def Diff: 0.046,11) Avg Leg Strikes Acc Diff: 0.010
12) Avg Head Strikes Landed Per Min Diff: 0.007,12) Avg Takedowns Def Diff: 0.015,12) Avg Total Strikes Def Diff: 0.183,12) Avg Total Strikes Def Diff: 0.138,12) Sub Def Diff: 0.009,12) Sub Acc Diff: 0.046,12) Avg Total Strikes Landed Diff: 0.010
13) Avg Head Strikes Attempts Diff: 0.007,13) Avg Distance Strikes Landed Diff: 0.014,13) Head Strikes Absorbed Diff: 0.178,13) Sub Landed Diff: 0.129,13) Ground Strikes Def Diff: 0.009,13) Avg Sub Def Diff: 0.045,13) Control Diff: 0.009
14) Avg Takedowns Def Diff: 0.006,14) Avg Head Strikes Absorbed Diff: 0.012,14) Sig Strikes Absorbed Diff: 0.168,14) Sig Strikes Absorbed Diff: 0.113,14) Leg Strikes Def Diff: 0.008,14) Sub Def Diff: 0.042,14) Avg Stamina Diff: 0.009
15) Win Loss Ratio Diff: 0.006,15) Avg Head Strikes Def Diff: 0.012,15) Ground Strikes Attempts Per Min Diff: 0.160,15) Head Strikes Absorbed Diff: 0.109,15) Body Strikes Def Diff: 0.008,15) Avg Clinch Strikes Def Diff: 0.041,15) Avg Takedowns Attempts Per Min Diff: 0.008
16) Avg Ground Strikes Acc Diff: 0.006,16) Avg Takedowns Attempts Per Min Diff: 0.011,16) Avg Sub Def Diff: 0.158,16) Avg Sig Strikes Attempts Per Min Diff: 0.105,16) Sub Acc Diff: 0.008,16) Avg Body Strikes Def Diff: 0.041,16) Avg Total Distance Strikes Absorbed Diff: 0.008
17) Avg Body Strikes Acc Diff: 0.006,17) Stamina Diff: 0.010,17) Avg Sig Strikes Landed Per Min Diff: 0.157,17) Avg Sub Def Diff: 0.104,17) Clinch Strikes Acc Diff: 0.008,17) Body Strikes Def Diff: 0.040,17) Leg Strikes Absorbed Diff: 0.008
18) Avg Distance Strikes Landed Diff: 0.006,18) Ko Losses Diff: 0.010,18) Avg Ko Losses Diff: 0.154,18) Ground Strikes Attempts Per Min Diff: 0.102,18) Ground Strikes Acc Diff: 0.006,18) Total Ground Strikes Absorbed Diff: 0.037,18) Win Loss Ratio Diff: 0.008
19) Avg Total Strikes Acc Diff: 0.006,19) Head Strikes Def Diff: 0.010,19) Avg Takedowns Landed Diff: 0.142,19) Days Since Last Comp Diff: 0.101,19) Avg Sub Def Diff: 0.005,19) Avg Head Strikes Acc Diff: 0.036,19) Leg Strikes Def Diff: 0.008
20) Avg Distance Strikes Absorbed Diff: 0.006,20) Head Strikes Landed Per Min Diff: 0.010,20) Avg Distance Strikes Landed Diff: 0.142,20) Clinch Strikes Landed Per Min Diff: 0.098,20) Total Ground Strikes Absorbed Diff: 0.005,20) Avg Leg Strikes Def Diff: 0.035,20) Avg Leg Strikes Absorbed Diff: 0.008
21) Avg Ground Strikes Def Diff: 0.006,21) Clinch Strikes Attempts Per Min Diff: 0.009,21) Clinch Strikes Landed Per Min Diff: 0.127,21) Sub Absorbed Diff: 0.096,21) Body Strikes Acc Diff: 0.004,21) Avg Clinch Strikes Acc Diff: 0.034,21) Total Strikes Def Diff: 0.008
22) Avg Takedowns Attempts Per Min Diff: 0.006,22) Avg Sig Strikes Acc Diff: 0.009,22) Takedowns Absorbed Diff: 0.126,22) Distance Strikes Acc Diff: 0.091,22) Leg Strikes Acc Diff: 0.004,22) Avg Sig Strikes Acc Diff: 0.033,22) Sig Strikes Def Diff: 0.008
23) Avg Head Strikes Acc Diff: 0.006,23) Avg Ground Strikes Landed Diff: 0.009,23) Avg Stamina Diff: 0.125,23) Total Sig Strikes Absorbed Diff: 0.089,23) Avg Head Strikes Landed Per Min Diff: 0.003,23) Avg Body Strikes Landed Per Min Diff: 0.030,23) Avg Clinch Strikes Absorbed Diff: 0.008
24) Avg Clinch Strikes Def Diff: 0.006,24) Avg Ground Strikes Acc Diff: 0.009,24) Total Body Strikes Absorbed Diff: 0.124,24) Avg Clinch Strikes Landed Per Min Diff: 0.085,24) Avg Ground Strikes Def Diff: 0.003,24) Avg Ground Strikes Acc Diff: 0.030,24) Leg Strikes Attempts Per Min Diff: 0.007
25) Avg Distance Strikes Def Diff: 0.006,25) Avg Head Strikes Attempts Diff: 0.008,25) Distance Strikes Acc Diff: 0.124,25) Head Strikes Landed Per Min Diff: 0.083,25) Avg Leg Strikes Def Diff: 0.003,25) Avg Body Strikes Acc Diff: 0.029,25) Avg Takedowns Acc Diff: 0.007
26) Head Strikes Acc Diff: 0.006,26) Sig Strikes Landed Diff: 0.008,26) Avg Lose Streak Diff: 0.123,26) Avg Sig Strikes Def Diff: 0.083,26) Total Comp Time Diff: 0.003,26) Avg Head Strikes Landed Per Min Diff: 0.029,26) Clinch Strikes Attempts Per Min Diff: 0.007
27) Avg Clinch Strikes Attempts Per Min Diff: 0.006,27) Avg Total Head Strikes Absorbed Diff: 0.008,27) Stamina Diff: 0.122,27) Avg Takedowns Landed Diff: 0.083,27) Avg Leg Strikes Acc Diff: 0.003,27) Clinch Strikes Acc Diff: 0.028,27) Avg Clinch Strikes Def Diff: 0.007
28) Avg Ground Strikes Landed Diff: 0.006,28) Sig Strikes Def Diff: 0.008,28) Avg Num Fights Diff: 0.120,28) Avg Stamina Diff: 0.083,28) Ground Strikes Landed Diff: 0.003,28) Avg Total Strikes Attempts Per Min Diff: 0.028,28) Avg Sub Attempts Per Min Diff: 0.007
29) Avg Head Strikes Def Diff: 0.006,29) Distance Strikes Def Diff: 0.008,29) Avg Clinch Strikes Landed Per Min Diff: 0.113,29) Avg Ko Losses Diff: 0.082,29) Total Leg Strikes Absorbed Diff: 0.003,29) Ground Strikes Landed Diff: 0.028,29) Avg Leg Strikes Landed Per Min Diff: 0.007
30) Avg Ground Strikes Attempts Per Min Diff: 0.006,30) Avg Distance Strikes Def Diff: 0.007,30) Days Since Last Comp Diff: 0.113,30) Sig Strikes Attempts Per Min Diff: 0.082,30) Avg Ground Strikes Attempts Per Min Diff: 0.003,30) Avg Total Strikes Landed Per Min Diff: 0.027,30) Avg Win Streak Diff: 0.007
31) Avg Total Strikes Absorbed Diff: 0.006,31) Avg Takedowns Acc Diff: 0.007,31) Avg Sig Strikes Def Diff: 0.111,31) Avg Sig Strikes Absorbed Diff: 0.081,31) Body Strikes Landed Per Min Diff: 0.003,31) Avg Distance Strikes Acc Diff: 0.027,31) Num Fights Diff: 0.007
32) Head Strikes Def Diff: 0.006,32) Distance Strikes Attempts Per Min Diff: 0.007,32) Total Strikes Attempts Per Min Diff: 0.111,32) Leg Strikes Attempts Per Min Diff: 0.081,32) Ground Strikes Absorbed Diff: 0.002,32) Avg Ground Strikes Landed Diff: 0.027,32) Leg Strikes Landed Per Min Diff: 0.007
33) Avg Stamina Diff: 0.006,33) Avg Sig Strikes Landed Diff: 0.007,33) Sub Def Diff: 0.109,33) Avg Sub Absorbed Diff: 0.080,33) Avg Clinch Strikes Def Diff: 0.002,33) Avg Leg Strikes Acc Diff: 0.027,33) Avg Takedowns Landed Diff: 0.007
34) Sig Strikes Acc Diff: 0.006,34) Body Strikes Acc Diff: 0.007,34) Avg Total Strikes Landed Per Min Diff: 0.103,34) Sub Def Diff: 0.080,34) Body Strikes Attempts Per Min Diff: 0.002,34) Total Clinch Strikes Absorbed Diff: 0.026,34) Avg Takedowns Landed Per Min Diff: 0.007
35) Sig Strikes Def Diff: 0.006,35) Lose Streak Diff: 0.007,35) Leg Strikes Attempts Per Min Diff: 0.102,35) Avg Sig Strikes Landed Diff: 0.080,35) Avg Sig Strikes Landed Per Min Diff: 0.002,35) Ground Strikes Absorbed Diff: 0.026,35) Leg Strikes Landed Diff: 0.007
36) Avg Sig Strikes Acc Diff: 0.006,36) Avg Distance Strikes Absorbed Diff: 0.007,36) Avg Total Sig Strikes Absorbed Diff: 0.100,36) Avg Distance Strikes Landed Diff: 0.079,36) Avg Head Strikes Attempts Per Min Diff: 0.002,36) Avg Body Strikes Attempts Per Min Diff: 0.026,36) Ground Strikes Acc Diff: 0.007
37) Avg Takedowns Acc Diff: 0.006,37) Avg Stamina Diff: 0.007,37) Sig Strikes Def Diff: 0.095,37) Total Body Strikes Absorbed Diff: 0.077,37) Avg Total Strikes Landed Per Min Diff: 0.002,37) Avg Total Ground Strikes Absorbed Diff: 0.025,37) Body Strikes Attempts Per Min Diff: 0.007
38) Avg Distance Strikes Acc Diff: 0.006,38) Avg Total Takedowns Absorbed Diff: 0.006,38) Clinch Strikes Attempts Per Min Diff: 0.094,38) Avg Head Strikes Landed Per Min Diff: 0.075,38) Avg Sub Acc Diff: 0.002,38) Total Comp Time Diff: 0.025,38) Avg Body Strikes Acc Diff: 0.007
39) Avg Takedowns Landed Diff: 0.006,39) Leg Strikes Landed Per Min Diff: 0.006,39) Avg Sig Strikes Landed Diff: 0.093,39) Avg Sig Strikes Landed Per Min Diff: 0.070,39) Total Takedowns Absorbed Diff: 0.002,39) Body Strikes Acc Diff: 0.025,39) Total Strikes Attempts Per Min Diff: 0.007
40) Avg Body Strikes Landed Diff: 0.006,40) Control Diff: 0.006,40) Lose Streak Diff: 0.091,40) Clinch Strikes Attempts Per Min Diff: 0.069,40) Head Strikes Acc Diff: 0.002,40) Avg Head Strikes Attempts Per Min Diff: 0.025,40) Avg Head Strikes Absorbed Diff: 0.006
41) Avg Total Comp Time Diff: 0.006,41) Avg Head Strikes Acc Diff: 0.006,41) Avg Ground Strikes Attempts Per Min Diff: 0.089,41) Total Strikes Attempts Per Min Diff: 0.067,41) Leg Strikes Attempts Per Min Diff: 0.002,41) Avg Leg Strikes Attempts Per Min Diff: 0.025,41) Takedowns Acc Diff: 0.006
42) Avg Clinch Strikes Acc Diff: 0.006,42) Leg Strikes Attempts Per Min Diff: 0.006,42) Avg Total Takedowns Absorbed Diff: 0.088,42) Stamina Diff: 0.067,42) Avg Body Strikes Def Diff: 0.002,42) Avg Ground Strikes Landed Per Min Diff: 0.024,42) Avg Ground Strikes Acc Diff: 0.006
43) Avg Leg Strikes Def Diff: 0.006,43) Avg Ground Strikes Def Diff: 0.006,43) Avg Leg Strikes Attempts Per Min Diff: 0.088,43) Avg Lose Streak Diff: 0.066,43) Ground Strikes Attempts Per Min Diff: 0.002,43) Head Strikes Landed Diff: 0.024,43) Avg Control Diff: 0.006
44) Avg Clinch Strikes Absorbed Diff: 0.006,44) Avg Ground Strikes Landed Per Min Diff: 0.006,44) Height Diff: 0.087,44) Body Strikes Attempts Per Min Diff: 0.066,44) Total Strikes Landed Per Min Diff: 0.002,44) Total Leg Strikes Absorbed Diff: 0.024,44) Avg Ground Strikes Landed Diff: 0.006
45) Avg Total Strikes Def Diff: 0.006,45) Ground Strikes Attempts Per Min Diff: 0.006,45) Total Strikes Landed Per Min Diff: 0.085,45) Total Total Strikes Absorbed Diff: 0.063,45) Avg Total Strikes Attempts Per Min Diff: 0.002,45) Avg Takedowns Attempts Per Min Diff: 0.024,45) Clinch Strikes Def Diff: 0.006
46) Avg Distance Strikes Landed Per Min Diff: 0.006,46) Head Strikes Absorbed Diff: 0.006,46) Body Strikes Attempts Per Min Diff: 0.080,46) Takedowns Absorbed Diff: 0.062,46) Avg Distance Strikes Landed Per Min Diff: 0.002,46) Avg Total Leg Strikes Absorbed Diff: 0.023,46) Avg Sig Strikes Acc Diff: 0.006
47) Total Strikes Acc Diff: 0.006,47) Avg Total Comp Time Diff: 0.006,47) Avg Total Body Strikes Absorbed Diff: 0.080,47) Sig Strikes Def Diff: 0.062,47) Distance Strikes Def Diff: 0.002,47) Avg Sig Strikes Landed Per Min Diff: 0.023,47) Avg Distance Strikes Def Diff: 0.006
48) Head Strikes Landed Diff: 0.006,48) Height Diff: 0.006,48) Body Strikes Acc Diff: 0.080,48) Lose Streak Diff: 0.060,48) Avg Ground Strikes Landed Per Min Diff: 0.002,48) Avg Ground Strikes Attempts Per Min Diff: 0.023,48) Avg Body Strikes Def Diff: 0.006
49) Avg Body Strikes Absorbed Diff: 0.006,49) Avg Total Ground Strikes Absorbed Diff: 0.006,49) Avg Sig Strikes Absorbed Diff: 0.079,49) Total Distance Strikes Absorbed Diff: 0.060,49) Avg Clinch Strikes Landed Per Min Diff: 0.002,49) Clinch Strikes Attempts Per Min Diff: 0.023,49) Avg Head Strikes Landed Per Min Diff: 0.006
50) Avg Body Strikes Def Diff: 0.006,50) Takedowns Acc Diff: 0.006,50) Avg Clinch Strikes Def Diff: 0.077,50) Avg Sig Strikes Acc Diff: 0.060,50) Total Clinch Strikes Absorbed Diff: 0.001,50) Stamina Diff: 0.023,50) Total Leg Strikes Absorbed Diff: 0.006
51) Avg Clinch Strikes Landed Per Min Diff: 0.006,51) Avg Leg Strikes Def Diff: 0.006,51) Takedowns Def Diff: 0.074,51) Avg Total Strikes Landed Per Min Diff: 0.059,51) Avg Total Ground Strikes Absorbed Diff: 0.001,51) Distance Strikes Attempts Per Min Diff: 0.022,51) Avg Sig Strikes Def Diff: 0.006
52) Total Strikes Def Diff: 0.006,52) Head Strikes Attempts Per Min Diff: 0.005,52) Avg Reversals Diff: 0.073,52) Avg Leg Strikes Attempts Per Min Diff: 0.058,52) Total Strikes Attempts Per Min Diff: 0.001,52) Ground Strikes Attempts Per Min Diff: 0.022,52) Avg Distance Strikes Absorbed Diff: 0.006
53) Control Diff: 0.006,53) Win Streak Diff: 0.005,53) Total Sub Absorbed Diff: 0.073,53) Body Strikes Acc Diff: 0.056,53) Avg Head Strikes Acc Diff: 0.001,53) Avg Takedowns Landed Diff: 0.022,53) Leg Strikes Acc Diff: 0.006
54) Avg Ground Strikes Absorbed Diff: 0.006,54) Avg Body Strikes Landed Per Min Diff: 0.005,54) Sig Strikes Attempts Per Min Diff: 0.072,54) Avg Ground Strikes Attempts Per Min Diff: 0.053,54) Avg Ground Strikes Absorbed Diff: 0.001,54) Avg Total Takedowns Absorbed Diff: 0.022,54) Avg Ground Strikes Landed Per Min Diff: 0.006
55) Body Strikes Acc Diff: 0.006,55) Avg Head Strikes Attempts Per Min Diff: 0.005,55) Avg Sig Strikes Acc Diff: 0.072,55) Height Diff: 0.052,55) Head Strikes Absorbed Diff: 0.001,55) Num Fights Diff: 0.022,55) Avg Num Fights Diff: 0.006
56) Distance Strikes Def Diff: 0.006,56) Avg Leg Strikes Attempts Per Min Diff: 0.004,56) Ground Strikes Absorbed Diff: 0.072,56) Avg Total Body Strikes Absorbed Diff: 0.050,56) Avg Ground Strikes Acc Diff: 0.001,56) Head Strikes Acc Diff: 0.022,56) Clinch Strikes Landed Per Min Diff: 0.006
57) Total Leg Strikes Absorbed Diff: 0.006,57) Avg Total Strikes Landed Per Min Diff: 0.004,57) Avg Distance Strikes Landed Per Min Diff: 0.071,57) Avg Num Fights Diff: 0.048,57) Avg Body Strikes Landed Diff: 0.001,57) Total Head Strikes Absorbed Diff: 0.022,57) Avg Ko Losses Diff: 0.006
58) Distance Strikes Acc Diff: 0.006,58) Avg Clinch Strikes Attempts Per Min Diff: 0.004,58) Avg Sub Absorbed Diff: 0.067,58) Num Fights Diff: 0.047,58) Avg Leg Strikes Attempts Per Min Diff: 0.001,58) Leg Strikes Attempts Per Min Diff: 0.022,58) Avg Total Head Strikes Absorbed Diff: 0.006
59) Avg Leg Strikes Absorbed Diff: 0.006,59) Avg Total Leg Strikes Absorbed Diff: 0.004,59) Distance Strikes Def Diff: 0.066,59) Avg Total Leg Strikes Absorbed Diff: 0.047,59) Total Body Strikes Absorbed Diff: 0.001,59) Leg Strikes Landed Diff: 0.022,59) Avg Reversals Diff: 0.006
60) Avg Leg Strikes Attempts Per Min Diff: 0.006,60) Avg Win Loss Ratio Diff: 0.004,60) Avg Total Leg Strikes Absorbed Diff: 0.066,60) Avg Clinch Strikes Def Diff: 0.047,60) Takedowns Landed Per Min Diff: 0.001,60) Ground Strikes Landed Per Min Diff: 0.021,60) Distance Strikes Absorbed Diff: 0.006
61) Avg Leg Strikes Landed Diff: 0.006,61) Head Strikes Acc Diff: 0.004,61) Avg Total Strikes Acc Diff: 0.065,61) Avg Win Loss Ratio Diff: 0.045,61) Avg Body Strikes Landed Per Min Diff: 0.001,61) Ground Strikes Acc Diff: 0.021,61) Body Strikes Landed Diff: 0.006
62) Avg Ground Strikes Landed Per Min Diff: 0.006,62) Leg Strikes Acc Diff: 0.004,62) Avg Sub Landed Per Min Diff: 0.065,62) Avg Total Strikes Landed Diff: 0.044,62) Clinch Strikes Landed Per Min Diff: 0.001,62) Total Strikes Landed Per Min Diff: 0.021,62) Avg Clinch Strikes Landed Diff: 0.006
63) Avg Sig Strikes Def Diff: 0.006,63) Distance Strikes Acc Diff: 0.004,63) Avg Body Strikes Landed Diff: 0.065,63) Leg Strikes Landed Per Min Diff: 0.043,63) Distance Strikes Acc Diff: 0.001,63) Avg Distance Strikes Landed Per Min Diff: 0.021,63) Avg Ground Strikes Absorbed Diff: 0.006
64) Avg Total Strikes Landed Diff: 0.006,64) Total Strikes Landed Diff: 0.004,64) Sig Strikes Acc Diff: 0.064,64) Avg Body Strikes Landed Per Min Diff: 0.041,64) Sig Strikes Attempts Per Min Diff: 0.001,64) Head Strikes Attempts Per Min Diff: 0.020,64) Avg Sub Def Diff: 0.005
65) Avg Total Ground Strikes Absorbed Diff: 0.006,65) Avg Leg Strikes Landed Diff: 0.004,65) Avg Ground Strikes Def Diff: 0.063,65) Sig Strikes Acc Diff: 0.041,65) Takedowns Attempts Per Min Diff: 0.001,65) Total Takedowns Absorbed Diff: 0.020,65) Total Distance Strikes Absorbed Diff: 0.005
66) Avg Body Strikes Landed Per Min Diff: 0.005,66) Clinch Strikes Acc Diff: 0.004,66) Avg Sub Acc Diff: 0.063,66) Avg Control Diff: 0.040,66) Ground Strikes Landed Per Min Diff: 0.001,66) Total Distance Strikes Absorbed Diff: 0.020,66) Avg Distance Strikes Landed Diff: 0.005
67) Avg Head Strikes Attempts Per Min Diff: 0.005,67) Avg Win Streak Diff: 0.004,67) Avg Body Strikes Landed Per Min Diff: 0.062,67) Avg Total Strikes Absorbed Diff: 0.040,67) Avg Leg Strikes Landed Per Min Diff: 0.001,67) Body Strikes Landed Per Min Diff: 0.020,67) Avg Total Ground Strikes Absorbed Diff: 0.005
68) Body Strikes Attempts Per Min Diff: 0.005,68) Total Body Strikes Absorbed Diff: 0.004,68) Total Takedowns Absorbed Diff: 0.061,68) Avg Total Sig Strikes Absorbed Diff: 0.039,68) Avg Distance Strikes Acc Diff: 0.001,68) Head Strikes Landed Per Min Diff: 0.020,68) Takedowns Attempts Per Min Diff: 0.005
69) Stamina Diff: 0.005,69) Avg Total Body Strikes Absorbed Diff: 0.004,69) Avg Distance Strikes Def Diff: 0.061,69) Avg Body Strikes Landed Diff: 0.039,69) Avg Body Strikes Attempts Per Min Diff: 0.001,69) Avg Stamina Diff: 0.020,69) Avg Total Strikes Acc Diff: 0.005
70) Avg Takedowns Absorbed Diff: 0.005,70) Takedowns Landed Per Min Diff: 0.004,70) Total Distance Strikes Absorbed Diff: 0.060,70) Sig Strikes Landed Diff: 0.039,70) Avg Sig Strikes Absorbed Diff: 0.001,70) Leg Strikes Landed Per Min Diff: 0.020,70) Distance Strikes Landed Diff: 0.005
71) Ground Strikes Acc Diff: 0.005,71) Avg Body Strikes Absorbed Diff: 0.003,71) Leg Strikes Landed Per Min Diff: 0.060,71) Avg Sub Acc Diff: 0.039,71) Head Strikes Def Diff: 0.001,71) Total Body Strikes Absorbed Diff: 0.020,71) Avg Leg Strikes Landed Diff: 0.005
72) Num Fights Diff: 0.005,72) Avg Leg Strikes Acc Diff: 0.003,72) Avg Distance Strikes Absorbed Diff: 0.059,72) Distance Strikes Landed Per Min Diff: 0.039,72) Clinch Strikes Absorbed Diff: 0.001,72) Avg Distance Strikes Attempts Per Min Diff: 0.019,72) Avg Body Strikes Landed Per Min Diff: 0.005
73) Avg Body Strikes Attempts Per Min Diff: 0.005,73) Head Strikes Landed Diff: 0.003,73) Avg Head Strikes Acc Diff: 0.059,73) Avg Distance Strikes Attempts Per Min Diff: 0.039,73) Avg Total Comp Time Diff: 0.001,73) Total Sig Strikes Absorbed Diff: 0.019,73) Avg Win Loss Ratio Diff: 0.005
74) Sig Strikes Landed Diff: 0.005,74) Avg Clinch Strikes Landed Per Min Diff: 0.003,74) Ground Strikes Landed Per Min Diff: 0.059,74) Takedowns Def Diff: 0.037,74) Body Strikes Landed Diff: 0.001,74) Avg Total Strikes Landed Diff: 0.019,74) Avg Total Leg Strikes Absorbed Diff: 0.005
75) Clinch Strikes Acc Diff: 0.005,75) Avg Total Strikes Absorbed Diff: 0.003,75) Win Loss Ratio Diff: 0.057,75) Avg Total Takedowns Absorbed Diff: 0.036,75) Avg Body Strikes Acc Diff: 0.001,75) Avg Distance Strikes Absorbed Diff: 0.019,75) Avg Head Strikes Attempts Diff: 0.005
76) Total Strikes Absorbed Diff: 0.005,76) Ground Strikes Landed Diff: 0.003,76) Total Total Strikes Absorbed Diff: 0.057,76) Avg Distance Strikes Def Diff: 0.035,76) Total Total Strikes Absorbed Diff: 0.001,76) Avg Ground Strikes Absorbed Diff: 0.019,76) Avg Clinch Strikes Landed Per Min Diff: 0.005
77) Leg Strikes Attempts Per Min Diff: 0.005,77) Avg Total Clinch Strikes Absorbed Diff: 0.003,77) Avg Sub Landed Diff: 0.057,77) Avg Distance Strikes Absorbed Diff: 0.035,77) Sig Strikes Landed Per Min Diff: 0.001,77) Avg Sig Strikes Attempts Per Min Diff: 0.019,77) Avg Takedowns Absorbed Diff: 0.005
78) Avg Leg Strikes Landed Per Min Diff: 0.005,78) Avg Body Strikes Attempts Per Min Diff: 0.003,78) Total Clinch Strikes Absorbed Diff: 0.056,78) Takedowns Landed Diff: 0.032,78) Avg Total Takedowns Absorbed Diff: 0.001,78) Avg Leg Strikes Landed Per Min Diff: 0.019,78) Head Strikes Acc Diff: 0.005
79) Avg Total Strikes Attempts Per Min Diff: 0.005,79) Leg Strikes Landed Diff: 0.003,79) Total Strikes Def Diff: 0.056,79) Avg Distance Strikes Acc Diff: 0.032,79) Head Strikes Attempts Per Min Diff: 0.001,79) Clinch Strikes Landed Per Min Diff: 0.019,79) Avg Distance Strikes Landed Per Min Diff: 0.005
80) Clinch Strikes Landed Per Min Diff: 0.005,80) Takedowns Attempts Per Min Diff: 0.003,80) Total Sig Strikes Absorbed Diff: 0.056,80) Total Clinch Strikes Absorbed Diff: 0.032,80) Avg Sig Strikes Attempts Per Min Diff: 0.001,80) Takedowns Attempts Per Min Diff: 0.018,80) Head Strikes Def Diff: 0.005
81) Sig Strikes Absorbed Diff: 0.005,81) Avg Sub Landed Diff: 0.003,81) Avg Body Strikes Acc Diff: 0.054,81) Distance Strikes Def Diff: 0.031,81) Avg Takedowns Landed Diff: 0.001,81) Head Strikes Absorbed Diff: 0.018,81) Avg Body Strikes Absorbed Diff: 0.005
82) Total Clinch Strikes Absorbed Diff: 0.005,82) Sub Def Diff: 0.003,82) Total Comp Time Diff: 0.053,82) Avg Head Strikes Def Diff: 0.031,82) Leg Strikes Landed Per Min Diff: 0.001,82) Leg Strikes Acc Diff: 0.018,82) Avg Ground Strikes Def Diff: 0.005
83) Body Strikes Landed Per Min Diff: 0.005,83) Avg Distance Strikes Acc Diff: 0.003,83) Avg Control Diff: 0.053,83) Avg Total Strikes Acc Diff: 0.031,83) Leg Strikes Landed Diff: 0.001,83) Avg Clinch Strikes Landed Per Min Diff: 0.018,83) Avg Total Strikes Landed Per Min Diff: 0.005
84) Avg Clinch Strikes Landed Diff: 0.005,84) Avg Ground Strikes Attempts Per Min Diff: 0.003,84) Num Fights Diff: 0.052,84) Total Strikes Def Diff: 0.031,84) Avg Head Strikes Absorbed Diff: 0.001,84) Total Strikes Landed Diff: 0.018,84) Ground Strikes Landed Per Min Diff: 0.005
85) Avg Total Sig Strikes Absorbed Diff: 0.005,85) Avg Body Strikes Landed Diff: 0.003,85) Win Streak Diff: 0.049,85) Total Takedowns Absorbed Diff: 0.031,85) Avg Takedowns Landed Per Min Diff: 0.001,85) Avg Leg Strikes Landed Diff: 0.018,85) Sig Strikes Acc Diff: 0.005
86) Distance Strikes Absorbed Diff: 0.005,86) Avg Num Fights Diff: 0.003,86) Avg Head Strikes Def Diff: 0.049,86) Avg Body Strikes Acc Diff: 0.030,86) Total Strikes Landed Diff: 0.001,86) Distance Strikes Absorbed Diff: 0.018,86) Avg Body Strikes Attempts Per Min Diff: 0.005
87) Total Strikes Landed Diff: 0.005,87) Avg Total Strikes Attempts Per Min Diff: 0.003,87) Sub Attempts Per Min Diff: 0.049,87) Ground Strikes Absorbed Diff: 0.029,87) Avg Takedowns Absorbed Diff: 0.001,87) Avg Total Distance Strikes Absorbed Diff: 0.018,87) Avg Total Takedowns Absorbed Diff: 0.005
88) Avg Total Clinch Strikes Absorbed Diff: 0.005,88) Avg Distance Strikes Landed Per Min Diff: 0.003,88) Avg Takedowns Acc Diff: 0.049,88) Total Leg Strikes Absorbed Diff: 0.029,88) Total Distance Strikes Absorbed Diff: 0.001,88) Avg Distance Strikes Def Diff: 0.017,88) Sig Strikes Landed Diff: 0.005
89) Body Strikes Def Diff: 0.005,89) Avg Total Distance Strikes Absorbed Diff: 0.003,89) Avg Total Head Strikes Absorbed Diff: 0.048,89) Avg Clinch Strikes Attempts Per Min Diff: 0.029,89) Head Strikes Landed Per Min Diff: 0.001,89) Avg Knockdowns Diff: 0.017,89) Head Strikes Landed Per Min Diff: 0.005
90) Avg Takedowns Landed Per Min Diff: 0.005,90) Distance Strikes Absorbed Diff: 0.003,90) Head Strikes Landed Per Min Diff: 0.047,90) Sub Attempts Per Min Diff: 0.029,90) Avg Total Sig Strikes Absorbed Diff: 0.001,90) Avg Clinch Strikes Attempts Per Min Diff: 0.017,90) Total Sig Strikes Absorbed Diff: 0.005
91) Distance Strikes Attempts Per Min Diff: 0.005,91) Avg Takedowns Landed Per Min Diff: 0.003,91) Avg Total Strikes Absorbed Diff: 0.045,91) Avg Head Strikes Attempts Diff: 0.029,91) Clinch Strikes Attempts Per Min Diff: 0.001,91) Body Strikes Attempts Per Min Diff: 0.017,91) Distance Strikes Acc Diff: 0.005
92) Total Ground Strikes Absorbed Diff: 0.005,92) Clinch Strikes Landed Per Min Diff: 0.003,92) Avg Leg Strikes Acc Diff: 0.045,92) Total Sub Absorbed Diff: 0.028,92) Avg Leg Strikes Absorbed Diff: 0.001,92) Avg Sig Strikes Def Diff: 0.017,92) Takedowns Absorbed Diff: 0.005
93) Avg Win Loss Ratio Diff: 0.005,93) Takedowns Def Diff: 0.002,93) Avg Distance Strikes Acc Diff: 0.044,93) Total Comp Time Diff: 0.027,93) Avg Takedowns Attempts Per Min Diff: 0.001,93) Avg Ko Losses Diff: 0.017,93) Avg Leg Strikes Attempts Per Min Diff: 0.005
94) Avg Total Total Strikes Absorbed Diff: 0.005,94) Avg Total Strikes Acc Diff: 0.002,94) Avg Total Strikes Landed Diff: 0.043,94) Win Loss Ratio Diff: 0.026,94) Clinch Strikes Landed Diff: 0.001,94) Leg Strikes Absorbed Diff: 0.017,94) Avg Distance Strikes Attempts Per Min Diff: 0.004
95) Head Strikes Landed Per Min Diff: 0.005,95) Avg Sub Attempts Per Min Diff: 0.002,95) Takedowns Landed Diff: 0.043,95) Avg Ground Strikes Absorbed Diff: 0.025,95) Avg Head Strikes Landed Diff: 0.001,95) Avg Head Strikes Landed Diff: 0.016,95) Avg Total Strikes Def Diff: 0.004
96) Avg Sig Strikes Landed Per Min Diff: 0.005,96) Avg Distance Strikes Attempts Per Min Diff: 0.002,96) Avg Sig Strikes Attempts Per Min Diff: 0.042,96) Ground Strikes Landed Per Min Diff: 0.025,96) Avg Distance Strikes Absorbed Diff: 0.000,96) Avg Win Loss Ratio Diff: 0.016,96) Total Strikes Landed Diff: 0.004
97) Clinch Strikes Attempts Per Min Diff: 0.005,97) Avg Sub Landed Per Min Diff: 0.002,97) Avg Clinch Strikes Attempts Per Min Diff: 0.042,97) Comp Time Diff: 0.024,97) Takedowns Landed Diff: 0.000,97) Age Diff: 0.016,97) Body Strikes Acc Diff: 0.004
98) Avg Total Distance Strikes Absorbed Diff: 0.005,98) Total Sig Strikes Absorbed Diff: 0.002,98) Distance Strikes Landed Diff: 0.042,98) Avg Comp Time Diff: 0.024,98) Win Loss Ratio Diff: 0.000,98) Avg Total Strikes Acc Diff: 0.016,98) Avg Total Strikes Absorbed Diff: 0.004
99) Avg Total Leg Strikes Absorbed Diff: 0.005,99) Ground Strikes Acc Diff: 0.002,99) Distance Strikes Landed Per Min Diff: 0.041,99) Total Strikes Landed Diff: 0.023,99) Sig Strikes Absorbed Diff: 0.000,99) Sig Strikes Landed Per Min Diff: 0.016,99) Clinch Strikes Absorbed Diff: 0.004
100) Avg Sub Attempts Per Min Diff: 0.005,100) Avg Clinch Strikes Absorbed Diff: 0.002,100) Leg Strikes Acc Diff: 0.041,100) Avg Total Head Strikes Absorbed Diff: 0.023,100) Distance Strikes Landed Diff: 0.000,100) Comp Time Diff: 0.016,100) Distance Strikes Def Diff: 0.004
101) Avg Total Strikes Landed Per Min Diff: 0.005,101) Leg Strikes Def Diff: 0.002,101) Knockdowns Diff: 0.040,101) Avg Ground Strikes Landed Diff: 0.022,101) Avg Distance Strikes Attempts Per Min Diff: 0.000,101) Distance Strikes Acc Diff: 0.016,101) Total Head Strikes Absorbed Diff: 0.004
102) Avg Distance Strikes Attempts Per Min Diff: 0.005,102) Total Strikes Def Diff: 0.002,102) Total Strikes Absorbed Diff: 0.039,102) Avg Takedowns Landed Per Min Diff: 0.022,102) Avg Total Strikes Absorbed Diff: 0.000,102) Knockdowns Diff: 0.016,102) Ground Strikes Def Diff: 0.004
103) Avg Total Body Strikes Absorbed Diff: 0.005,103) Body Strikes Absorbed Diff: 0.002,103) Total Leg Strikes Absorbed Diff: 0.039,103) Avg Body Strikes Absorbed Diff: 0.021,103) Distance Strikes Attempts Per Min Diff: 0.000,103) Body Strikes Absorbed Diff: 0.015,103) Avg Head Strikes Attempts Per Min Diff: 0.004
104) Total Distance Strikes Absorbed Diff: 0.005,104) Avg Leg Strikes Landed Per Min Diff: 0.002,104) Avg Head Strikes Landed Per Min Diff: 0.039,104) Avg Clinch Strikes Absorbed Diff: 0.021,104) Avg Sig Strikes Landed Diff: 0.000,104) Sig Strikes Attempts Per Min Diff: 0.015,104) Takedowns Landed Per Min Diff: 0.004
105) Head Strikes Absorbed Diff: 0.005,105) Total Strikes Landed Per Min Diff: 0.002,105) Reversals Diff: 0.037,105) Avg Total Ground Strikes Absorbed Diff: 0.021,105) Avg Distance Strikes Landed Diff: 0.000,105) Total Total Strikes Absorbed Diff: 0.015,105) Avg Total Clinch Strikes Absorbed Diff: 0.004
106) Clinch Strikes Def Diff: 0.005,106) Body Strikes Def Diff: 0.002,106) Avg Win Loss Ratio Diff: 0.037,106) Win Streak Diff: 0.020,106) Avg Clinch Strikes Absorbed Diff: 0.000,106) Distance Strikes Landed Per Min Diff: 0.015,106) Body Strikes Landed Per Min Diff: 0.004
107) Avg Sub Def Diff: 0.005,107) Avg Body Strikes Def Diff: 0.002,107) Ground Strikes Acc Diff: 0.035,107) Total Ground Strikes Absorbed Diff: 0.020,107) Avg Win Loss Ratio Diff: 0.000,107) Avg Comp Time Diff: 0.015,107) Total Strikes Acc Diff: 0.004
108) Total Head Strikes Absorbed Diff: 0.005,108) Total Clinch Strikes Absorbed Diff: 0.002,108) Avg Win Streak Diff: 0.035,108) Distance Strikes Landed Diff: 0.020,108) Total Strikes Def Diff: 0.000,108) Takedowns Landed Diff: 0.015,108) Avg Lose Streak Diff: 0.004
109) Avg Sub Acc Diff: 0.005,109) Avg Total Strikes Landed Diff: 0.002,109) Avg Clinch Strikes Absorbed Diff: 0.034,109) Avg Ground Strikes Acc Diff: 0.019,109) Head Strikes Landed Diff: 0.000,109) Body Strikes Landed Diff: 0.015,109) Avg Distance Strikes Acc Diff: 0.004
110) Leg Strikes Acc Diff: 0.005,110) Avg Leg Strikes Absorbed Diff: 0.002,110) Total Ground Strikes Absorbed Diff: 0.034,110) Total Strikes Absorbed Diff: 0.018,110) Avg Body Strikes Absorbed Diff: 0.000,110) Clinch Strikes Absorbed Diff: 0.015,110) Avg Body Strikes Landed Diff: 0.004
111) Avg Total Head Strikes Absorbed Diff: 0.005,111) Avg Clinch Strikes Acc Diff: 0.002,111) Leg Strikes Absorbed Diff: 0.033,111) Takedowns Attempts Per Min Diff: 0.018,111) Distance Strikes Absorbed Diff: 0.000,111) Avg Total Comp Time Diff: 0.015,111) Body Strikes Def Diff: 0.004
112) Total Body Strikes Absorbed Diff: 0.005,112) Avg Total Sig Strikes Absorbed Diff: 0.002,112) Avg Leg Strikes Def Diff: 0.033,112) Leg Strikes Def Diff: 0.017,112) Total Strikes Absorbed Diff: 0.000,112) Avg Leg Strikes Absorbed Diff: 0.014,112) Total Clinch Strikes Absorbed Diff: 0.004
113) Total Strikes Landed Per Min Diff: 0.005,113) Avg Total Strikes Def Diff: 0.002,113) Avg Body Strikes Absorbed Diff: 0.031,113) Head Strikes Acc Diff: 0.017,113) Avg Ground Strikes Landed Diff: 0.000,113) Avg Total Clinch Strikes Absorbed Diff: 0.014,113) Avg Total Total Strikes Absorbed Diff: 0.004
114) Avg Total Takedowns Absorbed Diff: 0.005,114) Total Strikes Absorbed Diff: 0.002,114) Body Strikes Landed Per Min Diff: 0.030,114) Clinch Strikes Def Diff: 0.017,114) Avg Clinch Strikes Attempts Per Min Diff: 0.000,114) Sig Strikes Absorbed Diff: 0.014,114) Avg Total Sub Absorbed Diff: 0.004
115) Avg Sig Strikes Attempts Per Min Diff: 0.005,115) Takedowns Landed Diff: 0.002,115) Avg Takedowns Attempts Per Min Diff: 0.030,115) Avg Total Sub Absorbed Diff: 0.017,115) Avg Head Strikes Attempts Diff: 0.000,115) Avg Total Head Strikes Absorbed Diff: 0.014,115) Avg Head Strikes Def Diff: 0.004
116) Total Strikes Attempts Per Min Diff: 0.005,116) Avg Total Total Strikes Absorbed Diff: 0.002,116) Avg Head Strikes Attempts Diff: 0.030,116) Avg Ground Strikes Def Diff: 0.016,116) Sig Strikes Acc Diff: 0.000,116) Total Strikes Absorbed Diff: 0.014,116) Avg Leg Strikes Def Diff: 0.004
117) Body Strikes Absorbed Diff: 0.005,117) Total Total Strikes Absorbed Diff: 0.002,117) Takedowns Attempts Per Min Diff: 0.029,117) Avg Ground Strikes Landed Per Min Diff: 0.016,117) Avg Total Head Strikes Absorbed Diff: 0.000,117) Avg Total Strikes Def Diff: 0.014,117) Total Total Strikes Absorbed Diff: 0.004
118) Distance Strikes Landed Diff: 0.005,118) Distance Strikes Landed Per Min Diff: 0.002,118) Sig Strikes Landed Per Min Diff: 0.026,118) Body Strikes Absorbed Diff: 0.015,118) Ko Losses Diff: 0.000,118) Sig Strikes Def Diff: 0.014,118) Total Ground Strikes Absorbed Diff: 0.004
119) Head Strikes Attempts Per Min Diff: 0.005,119) Sig Strikes Landed Per Min Diff: 0.001,119) Avg Knockdowns Diff: 0.026,119) Reach Diff: 0.015,119) Avg Sig Strikes Acc Diff: 0.000,119) Avg Head Strikes Absorbed Diff: 0.014,119) Avg Takedowns Def Diff: 0.004
120) Leg Strikes Absorbed Diff: 0.005,120) Total Leg Strikes Absorbed Diff: 0.001,120) Leg Strikes Def Diff: 0.026,120) Head Strikes Def Diff: 0.015,120) Takedowns Absorbed Diff: 0.000,120) Avg Total Body Strikes Absorbed Diff: 0.013,120) Clinch Strikes Acc Diff: 0.003
121) Takedowns Attempts Per Min Diff: 0.005,121) Avg Sig Strikes Landed Per Min Diff: 0.001,121) Avg Ground Strikes Absorbed Diff: 0.025,121) Avg Leg Strikes Landed Diff: 0.015,121) Avg Total Strikes Acc Diff: 0.000,121) Total Strikes Attempts Per Min Diff: 0.013,121) Stamina Diff: 0.003
122) Total Total Strikes Absorbed Diff: 0.005,122) Distance Strikes Landed Diff: 0.001,122) Clinch Strikes Def Diff: 0.025,122) Avg Head Strikes Acc Diff: 0.014,122) Distance Strikes Landed Per Min Diff: 0.000,122) Takedowns Absorbed Diff: 0.013,122) Ground Strikes Landed Diff: 0.003
123) Total Sig Strikes Absorbed Diff: 0.005,123) Avg Ko Losses Diff: 0.001,123) Avg Takedowns Landed Per Min Diff: 0.025,123) Avg Knockdowns Diff: 0.014,123) Avg Ko Losses Diff: 0.000,123) Avg Head Strikes Attempts Diff: 0.013,123) Sig Strikes Landed Per Min Diff: 0.003
124) Sig Strikes Landed Per Min Diff: 0.005,124) Avg Clinch Strikes Landed Diff: 0.001,124) Ground Strikes Def Diff: 0.025,124) Takedowns Acc Diff: 0.013,124) Leg Strikes Absorbed Diff: 0.000,124) Avg Sig Strikes Absorbed Diff: 0.013,124) Clinch Strikes Landed Diff: 0.003
125) Leg Strikes Landed Per Min Diff: 0.005,125) Clinch Strikes Def Diff: 0.001,125) Avg Total Sub Absorbed Diff: 0.025,125) Avg Reversals Diff: 0.013,125) Sig Strikes Landed Diff: 0.000,125) Clinch Strikes Landed Diff: 0.012,125) Avg Sub Acc Diff: 0.003
126) Ground Strikes Def Diff: 0.005,126) Takedowns Absorbed Diff: 0.001,126) Avg Leg Strikes Landed Diff: 0.023,126) Avg Leg Strikes Landed Per Min Diff: 0.013,126) Total Sig Strikes Absorbed Diff: 0.000,126) Avg Total Strikes Absorbed Diff: 0.012,126) Distance Strikes Landed Per Min Diff: 0.003
127) Distance Strikes Landed Per Min Diff: 0.005,127) Clinch Strikes Landed Diff: 0.001,127) Body Strikes Absorbed Diff: 0.023,127) Avg Win Streak Diff: 0.013,127) Avg Clinch Strikes Landed Diff: 0.000,127) Avg Sig Strikes Landed Diff: 0.012,127) Avg Clinch Strikes Attempts Per Min Diff: 0.003
128) Avg Num Fights Diff: 0.005,128) Avg Knockdowns Diff: 0.001,128) Avg Clinch Strikes Acc Diff: 0.022,128) Body Strikes Landed Diff: 0.012,128) Avg Sub Attempts Per Min Diff: 0.000,128) Avg Total Total Strikes Absorbed Diff: 0.012,128) Distance Strikes Attempts Per Min Diff: 0.003
129) Sig Strikes Attempts Per Min Diff: 0.005,129) Avg Clinch Strikes Def Diff: 0.001,129) Sig Strikes Landed Diff: 0.021,129) Head Strikes Landed Diff: 0.012,129) Stamina Diff: 0.000,129) Avg Body Strikes Absorbed Diff: 0.012,129) Takedowns Def Diff: 0.003
130) Avg Win Streak Diff: 0.005,130) Ground Strikes Def Diff: 0.001,130) Body Strikes Landed Diff: 0.021,130) Reversals Diff: 0.012,130) Avg Total Distance Strikes Absorbed Diff: 0.000,130) Ko Losses Diff: 0.012,130) Total Takedowns Absorbed Diff: 0.003
131) Clinch Strikes Landed Diff: 0.004,131) Avg Takedowns Absorbed Diff: 0.001,131) Head Strikes Landed Diff: 0.021,131) Avg Sub Landed Diff: 0.011,131) Avg Knockdowns Diff: 0.000,131) Avg Total Sig Strikes Absorbed Diff: 0.011,131) Win Streak Diff: 0.003
132) Leg Strikes Landed Diff: 0.004,132) Total Strikes Acc Diff: 0.001,132) Avg Total Ground Strikes Absorbed Diff: 0.020,132) Knockdowns Diff: 0.011,132) Num Fights Diff: 0.000,132) Avg Distance Strikes Landed Diff: 0.011,132) Total Body Strikes Absorbed Diff: 0.003
133) Body Strikes Landed Diff: 0.004,133) Ground Strikes Landed Per Min Diff: 0.001,133) Head Strikes Def Diff: 0.020,133) Avg Total Total Strikes Absorbed Diff: 0.010,133) Sig Strikes Def Diff: 0.000,133) Avg Num Fights Diff: 0.011,133) Avg Total Body Strikes Absorbed Diff: 0.003
134) Takedowns Def Diff: 0.004,134) Total Ground Strikes Absorbed Diff: 0.001,134) Avg Ground Strikes Acc Diff: 0.020,134) Distance Strikes Absorbed Diff: 0.010,134) Avg Distance Strikes Def Diff: 0.000,134) Avg Takedowns Landed Per Min Diff: 0.011,134) Total Strikes Absorbed Diff: 0.003
135) Total Takedowns Absorbed Diff: 0.004,135) Avg Sig Strikes Attempts Per Min Diff: 0.001,135) Avg Body Strikes Attempts Per Min Diff: 0.019,135) Avg Takedowns Attempts Per Min Diff: 0.010,135) Avg Sub Absorbed Diff: 0.000,135) Days Since Last Comp Diff: 0.011,135) Ground Strikes Attempts Per Min Diff: 0.003
136) Takedowns Acc Diff: 0.004,136) Body Strikes Attempts Per Min Diff: 0.001,136) Total Strikes Landed Diff: 0.019,136) Avg Takedowns Absorbed Diff: 0.010,136) Sub Absorbed Diff: 0.000,136) Avg Clinch Strikes Absorbed Diff: 0.011,136) Avg Sig Strikes Attempts Per Min Diff: 0.003
137) Clinch Strikes Absorbed Diff: 0.004,137) Ground Strikes Absorbed Diff: 0.001,137) Head Strikes Acc Diff: 0.019,137) Avg Leg Strikes Acc Diff: 0.010,137) Comp Time Diff: 0.000,137) Sig Strikes Acc Diff: 0.010,137) Ko Losses Diff: 0.003
138) Avg Ko Losses Diff: 0.004,138) Sub Attempts Per Min Diff: 0.001,138) Reach Diff: 0.017,138) Avg Clinch Strikes Acc Diff: 0.010,138) Avg Comp Time Diff: 0.000,138) Avg Head Strikes Def Diff: 0.010,138) Avg Head Strikes Acc Diff: 0.003
139) Avg Lose Streak Diff: 0.004,139) Sub Acc Diff: 0.001,139) Clinch Strikes Absorbed Diff: 0.017,139) Avg Leg Strikes Absorbed Diff: 0.008,139) Body Strikes Absorbed Diff: -0.000,139) Avg Sub Absorbed Diff: 0.010,139) Avg Sub Landed Per Min Diff: 0.003
140) Ground Strikes Landed Per Min Diff: 0.004,140) Body Strikes Landed Per Min Diff: 0.000,140) Takedowns Acc Diff: 0.017,140) Leg Strikes Landed Diff: 0.008,140) Avg Win Streak Diff: -0.000,140) Avg Clinch Strikes Landed Diff: 0.009,140) Avg Total Strikes Attempts Per Min Diff: 0.003
141) Leg Strikes Def Diff: 0.004,141) Total Head Strikes Absorbed Diff: 0.000,141) Avg Ground Strikes Landed Diff: 0.014,141) Clinch Strikes Acc Diff: 0.007,141) Avg Lose Streak Diff: -0.000,141) Win Streak Diff: 0.009,141) Lose Streak Diff: 0.002
142) Ground Strikes Attempts Per Min Diff: 0.004,142) Total Strikes Attempts Per Min Diff: 0.000,142) Avg Total Distance Strikes Absorbed Diff: 0.014,142) Clinch Strikes Landed Diff: 0.007,142) Avg Sub Landed Per Min Diff: -0.000,142) Reversals Diff: 0.009,142) Sub Def Diff: 0.002
143) Takedowns Landed Per Min Diff: 0.004,143) Body Strikes Landed Diff: 0.000,143) Avg Distance Strikes Attempts Per Min Diff: 0.013,143) Avg Clinch Strikes Landed Diff: 0.007,143) Avg Leg Strikes Landed Diff: -0.000,143) Total Strikes Acc Diff: 0.009,143) Head Strikes Attempts Per Min Diff: 0.002
144) Ground Strikes Absorbed Diff: 0.004,144) Total Distance Strikes Absorbed Diff: 0.000,144) Avg Leg Strikes Landed Per Min Diff: 0.013,144) Ground Strikes Def Diff: 0.006,144) Avg Reversals Diff: -0.000,144) Takedowns Landed Per Min Diff: 0.009,144) Head Strikes Landed Diff: 0.002
145) Avg Knockdowns Diff: 0.004,145) Avg Sig Strikes Def Diff: 0.000,145) Clinch Strikes Acc Diff: 0.012,145) Leg Strikes Acc Diff: 0.006,145) Avg Total Leg Strikes Absorbed Diff: -0.000,145) Distance Strikes Landed Diff: 0.009,145) Avg Total Sig Strikes Absorbed Diff: 0.002
146) Avg Sub Landed Per Min Diff: 0.003,146) Avg Ground Strikes Absorbed Diff: 0.000,146) Distance Strikes Absorbed Diff: 0.011,146) Body Strikes Def Diff: 0.005,146) Lose Streak Diff: -0.000,146) Avg Body Strikes Landed Diff: 0.008,146) Total Strikes Landed Per Min Diff: 0.002
147) Ground Strikes Landed Diff: 0.003,147) Sig Strikes Absorbed Diff: 0.000,147) Avg Takedowns Absorbed Diff: 0.010,147) Avg Takedowns Acc Diff: 0.005,147) Avg Total Total Strikes Absorbed Diff: -0.000,147) Head Strikes Def Diff: 0.008,147) Avg Knockdowns Diff: 0.002
148) Avg Total Sub Absorbed Diff: 0.003,148) Avg Sub Def Diff: 0.000,148) Avg Body Strikes Def Diff: 0.010,148) Ground Strikes Acc Diff: 0.005,148) Reversals Diff: -0.000,148) Sub Landed Diff: 0.008,148) Sub Landed Per Min Diff: 0.002
149) Avg Reversals Diff: 0.003,149) Sig Strikes Attempts Per Min Diff: 0.000,149) Ground Strikes Landed Diff: 0.009,149) Avg Sub Landed Per Min Diff: 0.005,149) Avg Total Sub Absorbed Diff: -0.000,149) Sig Strikes Landed Diff: 0.007,149) Sub Attempts Per Min Diff: 0.002
150) Win Streak Diff: 0.003,150) Leg Strikes Absorbed Diff: 0.000,150) Avg Comp Time Diff: 0.008,150) Total Strikes Acc Diff: 0.005,150) Total Strikes Acc Diff: -0.000,150) Total Strikes Def Diff: 0.007,150) Head Strikes Absorbed Diff: 0.002
151) Sub Attempts Per Min Diff: 0.002,151) Total Takedowns Absorbed Diff: 0.000,151) Comp Time Diff: 0.008,151) Takedowns Landed Per Min Diff: 0.005,151) Total Head Strikes Absorbed Diff: -0.000,151) Avg Takedowns Absorbed Diff: 0.007,151) Body Strikes Absorbed Diff: 0.001
152) Ko Losses Diff: 0.002,152) Avg Lose Streak Diff: 0.000,152) Avg Total Comp Time Diff: 0.008,152) Total Head Strikes Absorbed Diff: 0.004,152) Sub Attempts Per Min Diff: -0.000,152) Distance Strikes Def Diff: 0.007,152) Avg Sub Absorbed Diff: 0.001
153) Lose Streak Diff: 0.002,153) Clinch Strikes Absorbed Diff: 0.000,153) Sub Acc Diff: 0.007,153) Avg Takedowns Def Diff: 0.004,153) Sub Landed Diff: -0.000,153) Total Sub Absorbed Diff: 0.007,153) Sig Strikes Attempts Per Min Diff: 0.001
154) Takedowns Absorbed Diff: 0.002,154) Avg Total Sub Absorbed Diff: 0.000,154) Total Head Strikes Absorbed Diff: 0.007,154) Control Diff: 0.004,154) Knockdowns Diff: -0.000,154) Lose Streak Diff: 0.007,154) Takedowns Landed Diff: 0.001
155) Avg Sub Absorbed Diff: 0.002,155) Avg Reversals Diff: 0.000,155) Leg Strikes Landed Diff: 0.007,155) Avg Body Strikes Def Diff: 0.004,155) Sub Landed Per Min Diff: -0.000,155) Avg Sub Attempts Per Min Diff: 0.006,155) Avg Sig Strikes Landed Per Min Diff: 0.001
156) Sub Def Diff: 0.002,156) Avg Sub Absorbed Diff: 0.000,156) Takedowns Landed Per Min Diff: 0.006,156) Avg Total Clinch Strikes Absorbed Diff: 0.003,156) Avg Sub Landed Diff: -0.000,156) Avg Win Streak Diff: 0.006,156) Avg Sig Strikes Landed Diff: 0.001
157) Takedowns Landed Diff: 0.002,157) Total Sub Absorbed Diff: 0.000,157) Clinch Strikes Landed Diff: 0.006,157) Avg Leg Strikes Def Diff: 0.003,157) Avg Total Strikes Landed Diff: -0.000,157) Avg Reversals Diff: 0.006,157) Sig Strikes Absorbed Diff: 0.001
158) Sub Acc Diff: 0.002,158) Sub Landed Per Min Diff: 0.000,158) Avg Total Total Strikes Absorbed Diff: 0.004,158) Body Strikes Landed Per Min Diff: 0.003,158) Avg Num Fights Diff: -0.000,158) Win Loss Ratio Diff: 0.006,158) Ground Strikes Absorbed Diff: 0.001
159) Avg Sub Landed Diff: 0.002,159) Knockdowns Diff: 0.000,159) Avg Clinch Strikes Landed Diff: 0.003,159) Avg Sub Attempts Per Min Diff: 0.003,159) Win Streak Diff: -0.000,159) Sub Attempts Per Min Diff: 0.006,159) Total Sub Absorbed Diff: 0.001
160) Total Sub Absorbed Diff: 0.001,160) Reversals Diff: 0.000,160) Avg Leg Strikes Absorbed Diff: 0.003,160) Avg Total Distance Strikes Absorbed Diff: 0.002,160) Avg Stamina Diff: -0.000,160) Sub Absorbed Diff: 0.005,160) Knockdowns Diff: 0.001
161) Sub Landed Per Min Diff: 0.001,161) Sub Absorbed Diff: 0.000,161) Body Strikes Def Diff: 0.002,161) Avg Total Comp Time Diff: 0.001,161) Avg Clinch Strikes Acc Diff: -0.000,161) Reach Diff: 0.004,161) Avg Sub Landed Diff: 0.001
162) Knockdowns Diff: 0.001,162) Comp Time Diff: 0.000,162) Total Strikes Acc Diff: 0.002,162) Sub Acc Diff: 0.001,162) Avg Head Strikes Def Diff: -0.000,162) Avg Total Sub Absorbed Diff: 0.004,162) Reversals Diff: 0.000
163) Reversals Diff: 0.001,163) Avg Comp Time Diff: 0.000,163) Avg Total Clinch Strikes Absorbed Diff: 0.001,163) Leg Strikes Absorbed Diff: 0.001,163) Avg Total Strikes Def Diff: -0.000,163) Sub Landed Per Min Diff: 0.004,163) Sub Acc Diff: 0.000
164) Sub Absorbed Diff: 0.000,164) Avg Body Strikes Acc Diff: 0.000,164) Avg Sub Attempts Per Min Diff: 0.001,164) Avg Distance Strikes Landed Per Min Diff: 0.001,164) Total Sub Absorbed Diff: -0.000,164) Avg Lose Streak Diff: 0.003,164) Sub Absorbed Diff: 0.000
165) Sub Landed Diff: 0.000,165) Sig Strikes Acc Diff: 0.000,165) Avg Ground Strikes Landed Per Min Diff: 0.001,165) Clinch Strikes Absorbed Diff: 0.001,165) Avg Sig Strikes Def Diff: -0.001,165) Avg Sub Landed Per Min Diff: 0.003,165) Comp Time Diff: 0.000
166) Comp Time Diff: 0.000,166) Avg Sub Acc Diff: 0.000,166) Control Diff: 0.000,166) Ground Strikes Landed Diff: 0.001,166) Avg Total Body Strikes Absorbed Diff: -0.001,166) Avg Sub Landed Diff: 0.003,166) Avg Comp Time Diff: 0.000
167) Avg Comp Time Diff: 0.000,167) Sub Landed Diff: 0.000,167) Avg Takedowns Def Diff: 0.000,167) Avg Body Strikes Attempts Per Min Diff: 0.001,167) Avg Total Clinch Strikes Absorbed Diff: -0.001,167) Height Diff: 0.000,167) Sub Landed Diff: 0.000